{
  "foods": [
    {
      "id": 1,
      "name": "宫保鸡丁",
      "description": "经典川菜，鸡肉丁配花生米，麻辣鲜香，下饭神器",
      "category": "sichuan",
      "type": "主菜"
    },
    {
      "id": 2,
      "name": "红烧肉",
      "description": "肥瘦相间的五花肉，色泽红亮，软糯香甜，家的味道",
      "category": "jiangzhe",
      "type": "主菜"
    },
    {
      "id": 3,
      "name": "麻婆豆腐",
      "description": "嫩滑豆腐配麻辣肉末，四川名菜，麻辣鲜香",
      "category": "sichuan",
      "type": "主菜"
    },
    {
      "id": 4,
      "name": "糖醋里脊",
      "description": "酸甜可口的炸里脊，外酥内嫩，老少皆宜",
      "category": "jiangzhe",
      "type": "主菜"
    },
    {
      "id": 5,
      "name": "小笼包",
      "description": "皮薄馅大的上海小笼包，汤汁丰富，一口一个",
      "category": "jiangzhe",
      "type": "点心"
    },
    {
      "id": 6,
      "name": "北京烤鸭",
      "description": "皮脆肉嫩的北京烤鸭，配薄饼和甜面酱，经典美味",
      "category": "jiangzhe",
      "type": "主菜"
    },
    {
      "id": 7,
      "name": "意式肉酱面",
      "description": "经典意面配番茄肉酱，浓郁香醇，西餐入门首选",
      "category": "fastfood",
      "type": "主食"
    },
    {
      "id": 8,
      "name": "牛排",
      "description": "嫩滑多汁的牛排，配黑胡椒汁，西餐经典",
      "category": "fastfood",
      "type": "主菜"
    },
    {
      "id": 9,
      "name": "披萨",
      "description": "香脆饼底配丰富配料，芝士拉丝，意式风情",
      "category": "fastfood",
      "type": "主食"
    },
    {
      "id": 10,
      "name": "汉堡",
      "description": "多汁肉饼配新鲜蔬菜，美式快餐经典",
      "category": "fastfood",
      "type": "快餐"
    },
    {
      "id": 11,
      "name": "寿司",
      "description": "新鲜生鱼片配醋饭，日式料理精髓",
      "category": "japanese",
      "type": "主食"
    },
    {
      "id": 12,
      "name": "拉面",
      "description": "浓郁汤底配劲道面条，日式拉面文化",
      "category": "japanese",
      "type": "主食"
    },
    {
      "id": 13,
      "name": "天妇罗",
      "description": "酥脆炸物配特制蘸料，日式料理经典",
      "category": "japanese",
      "type": "主菜"
    },
    {
      "id": 14,
      "name": "韩式烤肉",
      "description": "腌制牛肉配生菜包，韩式烧烤文化",
      "category": "korean",
      "type": "主菜"
    },
    {
      "id": 15,
      "name": "石锅拌饭",
      "description": "热腾腾的石锅饭配各种蔬菜，韩式经典",
      "category": "korean",
      "type": "主食"
    },
    {
      "id": 16,
      "name": "韩式炸鸡",
      "description": "酥脆炸鸡配韩式辣酱，韩流美食代表",
      "category": "korean",
      "type": "快餐"
    },
    {
      "id": 17,
      "name": "冬阴功汤",
      "description": "酸辣开胃的泰式汤品，香茅柠檬草香气",
      "category": "thai",
      "type": "汤品"
    },
    {
      "id": 18,
      "name": "泰式炒河粉",
      "description": "酸甜可口的泰式炒粉，配花生碎和柠檬",
      "category": "thai",
      "type": "主食"
    },
    {
      "id": 19,
      "name": "芒果糯米饭",
      "description": "香甜芒果配椰浆糯米饭，泰式甜品经典",
      "category": "thai",
      "type": "甜品"
    },
    {
      "id": 20,
      "name": "炸鸡",
      "description": "酥脆外皮配嫩滑鸡肉，快餐经典",
      "category": "fastfood",
      "type": "快餐"
    },
    {
      "id": 21,
      "name": "薯条",
      "description": "金黄酥脆的炸薯条，配番茄酱，简单美味",
      "category": "fastfood",
      "type": "小食"
    },
    {
      "id": 22,
      "name": "提拉米苏",
      "description": "意式经典甜品，咖啡香配马斯卡彭芝士",
      "category": "dessert",
      "type": "甜品"
    },
    {
      "id": 23,
      "name": "芝士蛋糕",
      "description": "浓郁芝士配酥脆饼底，西式甜品经典",
      "category": "dessert",
      "type": "甜品"
    },
    {
      "id": 24,
      "name": "冰淇淋",
      "description": "丝滑冰淇淋，多种口味选择，夏日必备",
      "category": "dessert",
      "type": "甜品"
    },
    {
      "id": 25,
      "name": "巧克力蛋糕",
      "description": "浓郁巧克力蛋糕，甜蜜诱惑，生日必备",
      "category": "fastfood",
      "type": "甜品"
    },
    {
      "id": 26,
      "name": "锅包肉",
      "description": "东北名菜，外酥内嫩的炸肉片，酸甜可口",
      "category": "dongbei",
      "type": "主菜"
    },
    {
      "id": 27,
      "name": "地三鲜",
      "description": "东北家常菜，土豆茄子青椒，简单美味",
      "category": "dongbei",
      "type": "主菜"
    },
    {
      "id": 28,
      "name": "酸菜白肉",
      "description": "东北特色，酸菜配五花肉，酸香开胃",
      "category": "dongbei",
      "type": "主菜"
    },
    {
      "id": 29,
      "name": "剁椒鱼头",
      "description": "湖南名菜，鲜辣剁椒配鱼头，香辣过瘾",
      "category": "hunan",
      "type": "主菜"
    },
    {
      "id": 30,
      "name": "口味虾",
      "description": "湖南特色，麻辣小龙虾，夜宵首选",
      "category": "hunan",
      "type": "主菜"
    },
    {
      "id": 31,
      "name": "过桥米线",
      "description": "云南名吃，热汤配米线，鲜美清淡",
      "category": "yungui",
      "type": "主食"
    },
    {
      "id": 32,
      "name": "汽锅鸡",
      "description": "云南特色，汽锅蒸制，原汁原味",
      "category": "yungui",
      "type": "主菜"
    },
    {
      "id": 33,
      "name": "沙拉",
      "description": "新鲜蔬菜配特制酱汁，清爽健康",
      "category": "healthy",
      "type": "主菜"
    },
    {
      "id": 34,
      "name": "蒸蛋羹",
      "description": "嫩滑蒸蛋，营养丰富，老少皆宜",
      "category": "healthy",
      "type": "主菜"
    },
    {
      "id": 35,
      "name": "清蒸鱼",
      "description": "新鲜鱼肉清蒸，保持原味，健康美味",
      "category": "healthy",
      "type": "主菜"
    },
    {
      "id": 36,
      "name": "盖浇饭",
      "description": "米饭配各种菜码，经济实惠，上班族最爱",
      "category": "fastfood",
      "type": "主食"
    },
    {
      "id": 37,
      "name": "兰州拉面",
      "description": "劲道面条配清汤，快速解决午餐，性价比高",
      "category": "fastfood",
      "type": "主食"
    },
    {
      "id": 38,
      "name": "沙县小吃",
      "description": "经典拌面配扁肉，便宜好吃，打工人的老朋友",
      "category": "fastfood",
      "type": "主食"
    },
    {
      "id": 39,
      "name": "麻辣烫",
      "description": "自选食材配麻辣汤底，丰俭由人，午餐好选择",
      "category": "sichuan",
      "type": "主食"
    },
    {
      "id": 40,
      "name": "黄焖鸡米饭",
      "description": "嫩滑鸡肉配米饭，下饭神器，午餐经典",
      "category": "jiangzhe",
      "type": "主食"
    },
    {
      "id": 41,
      "name": "酸辣粉",
      "description": "酸辣开胃的粉条，快速解决午餐，价格实惠",
      "category": "sichuan",
      "type": "主食"
    },
    {
      "id": 42,
      "name": "煎饼果子",
      "description": "薄脆煎饼配鸡蛋，边走边吃，上班族早餐午餐两相宜",
      "category": "fastfood",
      "type": "主食"
    },
    {
      "id": 43,
      "name": "肉夹馍",
      "description": "酥脆馍夹肉，陕西风味，午餐好选择",
      "category": "fastfood",
      "type": "主食"
    },
    {
      "id": 44,
      "name": "凉皮",
      "description": "清爽凉皮配黄瓜丝，夏日午餐首选",
      "category": "fastfood",
      "type": "主食"
    },
    {
      "id": 45,
      "name": "工作餐盒饭",
      "description": "荤素搭配的盒饭，营养均衡，上班族标配",
      "category": "fastfood",
      "type": "主食"
    }
  ]
}
