dish_name,category_name,restaurant_name,type,tag,description
宫保鸡丁,川菜,川味轩,主菜,spicy,经典川菜，鸡肉丁配花生米，麻辣鲜香，下饭神器
红烧肉,江浙菜,江南小厨,主菜,main,肥瘦相间的五花肉，色泽红亮，软糯香甜，家的味道
麻婆豆腐,川菜,川味轩,主菜,spicy,嫩滑豆腐配麻辣肉末，四川名菜，麻辣鲜香
糖醋里脊,江浙菜,江南小厨,主菜,sweet_sour,酸甜可口的炸里脊，外酥内嫩，老少皆宜
小笼包,江浙菜,江南小厨,点心,dimsum,皮薄馅大的上海小笼包，汤汁丰富，一口一个
汉堡,快餐,肯德基,主食,fast,多汁肉饼配新鲜蔬菜，美式快餐经典
披萨,西餐,必胜客,主食,main,香脆饼底配丰富配料，芝士拉丝，意式风情
